H_0,p_value,CI_lower,CI_upper,conclusion
err_baseline-err_linear=0,0.0009001286811470813,0.6314677092545706,1.2088106133547152,H_0 rejected
err_ANN-err_linear=0,0.9132714260254635,-0.14952394198073063,0.13753457178565506,H_0 not rejected
err_baseline-err_ANN=0,0.001573136418063015,0.5897665115555717,1.2625011812487896,H_0 rejected
