H_0,p_value,CI_lower,CI_upper,conclusion
err_baseline-err_logistic=0,0.0036506720656867245,0.03262610618654907,0.12306307050170254,H_0 rejected
err_2nd_model-err_logistic=0,0.5581038262122526,-0.0411331787439099,0.07138294761199862,H_0 not rejected
baseline_model_err-err_2nd_model_err=0,0.031091980896280704,0.007123620665335548,0.11831578729026111,H_0 rejected
